{"stats":{"minecraft:dropped":{"minecraft:iron_ingot":64,"minecraft:baked_potato":29,"biomesoplenty:jacaranda_planks":27,"minecraft:dirt":2,"minecraft:wooden_axe":1,"minecraft:stripped_birch_log":1,"minecraft:golden_hoe":2,"minecraft:string":1,"minecraft:spruce_sapling":3,"minecraft:raw_copper":6,"minecraft:rotten_flesh":17,"minecraft:spruce_planks":24,"minecraft:andesite":10,"minecraft:golden_sword":1,"minecraft:beef":2,"minecraft:egg":1},"minecraft:killed":{"minecraft:spider":6,"minecraft:skeleton":13,"minecraft:pig":2,"minecraft:zombie_villager":1,"minecraft:creeper":1,"minecraft:sheep":5,"minecraft:zombie":21,"minecraft:cow":5},"minecraft:broken":{"minecraft:stone_pickaxe":1,"minecraft:iron_pickaxe":1},"minecraft:used":{"minecraft:oak_fence":57,"minecraft:stripped_acacia_wood":4,"minecraft:cherry_sapling":15,"minecraft:stone_sword":14,"minecraft:acacia_log":1,"minecraft:chest":33,"minecraft:spruce_planks":380,"minecraft:iron_sword":174,"minecraft:bell":1,"minecraft:iron_chestplate":2,"minecraft:torch":72,"minecraft:brewing_stand":3,"minecraft:dirt":104,"minecraft:spruce_stairs":172,"minecraft:oak_fence_gate":2,"minecraft:stripped_spruce_log":861,"minecraft:spruce_boat":1,"minecraft:glass":219,"minecraft:iron_hoe":73,"minecraft:wooden_axe":33,"minecraft:lantern":65,"minecraft:iron_axe":50,"minecraft:grass_block":1,"minecraft:oak_stairs":54,"minecraft:iron_helmet":2,"minecraft:iron_boots":2,"minecraft:cherry_leaves":263,"minecraft:stone_brick_stairs":8,"minecraft:stone_bricks":107,"minecraft:item_frame":10,"minecraft:furnace":3,"minecraft:potato":113,"biomesoplenty:magic_leaves":1,"minecraft:cobbled_deepslate":56,"minecraft:stripped_spruce_wood":39,"minecraft:iron_leggings":2,"minecraft:cooked_mutton":1,"minecraft:water_bucket":10,"minecraft:spruce_door":11,"minecraft:stripped_acacia_log":2,"minecraft:baked_potato":37,"minecraft:stripped_birch_log":12,"minecraft:oak_planks":286,"minecraft:stone_pickaxe":228,"minecraft:wooden_pickaxe":42,"minecraft:crafting_table":9,"minecraft:blast_furnace":2,"minecraft:white_bed":2,"minecraft:spruce_log":1,"minecraft:smoker":2,"minecraft:flower_pot":3,"minecraft:birch_slab":268,"spartanshields:stone_basic_shield":36,"minecraft:bread":19,"minecraft:iron_pickaxe":486,"minecraft:spruce_trapdoor":260,"biomesoplenty:jacaranda_boat":4,"minecraft:stone_axe":1,"minecraft:cobblestone":20,"minecraft:stripped_oak_wood":90,"minecraft:grindstone":1,"minecraft:cooked_porkchop":10,"minecraft:bucket":6,"minecraft:glass_pane":132,"minecraft:stripped_oak_log":557,"biomesoplenty:jacaranda_leaves":1,"minecraft:bone_meal":42},"minecraft:crafted":{"minecraft:oak_planks":44,"usefulbackpacks:backpack_small":1,"minecraft:furnace":1,"minecraft:bone_meal":42,"minecraft:cooked_mutton":1,"minecraft:iron_boots":1,"minecraft:iron_axe":2,"minecraft:stone_pickaxe":2,"minecraft:spruce_boat":1,"biomesoplenty:jacaranda_planks":32,"minecraft:cooked_porkchop":4,"biomesoplenty:jacaranda_boat":1,"minecraft:crafting_table":4,"minecraft:spruce_planks":60,"minecraft:wooden_pickaxe":1,"minecraft:iron_helmet":1,"minecraft:baked_potato":73,"minecraft:iron_sword":1,"spartanshields:stone_basic_shield":1,"minecraft:stone_axe":2,"minecraft:air":0,"minecraft:iron_chestplate":1,"minecraft:shield":1,"minecraft:stick":36,"minecraft:iron_ingot":215,"minecraft:iron_pickaxe":3,"minecraft:wooden_axe":1,"minecraft:stone_sword":1,"minecraft:iron_leggings":1,"minecraft:gold_ingot":9,"spartanshields:wooden_basic_shield":1,"minecraft:torch":4},"minecraft:mined":{"minecraft:dark_oak_planks":3,"minecraft:tuff":12,"minecraft:spruce_planks":17,"minecraft:deepslate_diamond_ore":8,"biomesoplenty:desert_grass":2,"minecraft:brewing_stand":3,"minecraft:glow_lichen":1,"biomesoplenty:bush":2,"minecraft:grass_block":5,"minecraft:spruce_leaves":21,"biomesoplenty:orange_sandstone":7,"biomesoplenty:jacaranda_log":8,"minecraft:magma_block":3,"minecraft:furnace":1,"minecraft:iron_ore":42,"minecraft:andesite":12,"minecraft:deepslate_lapis_ore":13,"minecraft:gold_block":1,"minecraft:bell":1,"minecraft:potatoes":49,"minecraft:deepslate_iron_ore":81,"minecraft:stone":149,"minecraft:bone_block":86,"biomesoplenty:jacaranda_leaves":13,"minecraft:acacia_leaves":1,"biomesoplenty:orange_sand":4,"minecraft:smoker":2,"minecraft:crafting_table":5,"minecraft:torch":1,"minecraft:cobblestone":1,"minecraft:lapis_ore":2,"minecraft:deepslate_gold_ore":39,"minecraft:grindstone":1,"minecraft:sugar_cane":23,"minecraft:diorite":2,"minecraft:blue_bed":1,"minecraft:wall_torch":6,"minecraft:deepslate_copper_ore":5,"minecraft:spruce_stairs":12,"minecraft:spruce_log":11,"minecraft:grass":17,"minecraft:oak_log":11,"minecraft:coal_ore":48,"minecraft:gravel":4,"minecraft:sand":2,"minecraft:dirt":6,"biomesoplenty:stringy_cobweb":1,"minecraft:oak_leaves":1,"minecraft:deepslate":213,"minecraft:fern":2},"minecraft:picked_up":{"minecraft:crafting_table":5,"minecraft:gold_block":1,"biomesoplenty:jacaranda_sapling":3,"minecraft:brewing_stand":3,"minecraft:golden_sword":1,"minecraft:string":4,"minecraft:raw_copper":6,"minecraft:cobbled_deepslate":217,"minecraft:spruce_planks":12,"minecraft:beef":2,"minecraft:sugar_cane":46,"minecraft:furnace":1,"minecraft:egg":2,"minecraft:stick":4,"minecraft:raw_iron":121,"minecraft:torch":8,"minecraft:spruce_stairs":7,"minecraft:porkchop":5,"minecraft:diorite":2,"minecraft:dark_oak_planks":3,"minecraft:arrow":10,"minecraft:rotten_flesh":26,"biomesoplenty:jacaranda_log":8,"minecraft:golden_hoe":1,"biomesoplenty:orange_sandstone":5,"minecraft:mutton":7,"biomesoplenty:orange_sand":1,"minecraft:bone_block":84,"minecraft:white_wool":5,"minecraft:cobblestone":167,"minecraft:magma_block":3,"minecraft:glow_ink_sac":2,"minecraft:andesite":10,"minecraft:leather":6,"minecraft:smoker":2,"minecraft:potato":164,"minecraft:flint":8,"minecraft:tuff":15,"minecraft:oak_log":11,"biomesoplenty:jacaranda_planks":27,"minecraft:gunpowder":2,"minecraft:dirt":15,"minecraft:stripped_birch_log":1,"minecraft:lapis_lazuli":94,"minecraft:blue_bed":1,"minecraft:lantern":2,"minecraft:bone":14,"minecraft:bow":1,"minecraft:wheat_seeds":4,"minecraft:raw_gold":39,"minecraft:bell":1,"minecraft:grindstone":1,"minecraft:iron_ingot":2,"minecraft:cooked_porkchop":6,"biomesoplenty:jacaranda_boat":4,"minecraft:gravel":26,"minecraft:spruce_sapling":1,"minecraft:spruce_log":11,"minecraft:spider_eye":1,"minecraft:diamond":8,"minecraft:spruce_boat":1,"minecraft:baked_potato":14,"minecraft:coal":48},"minecraft:killed_by":{"minecraft:creeper":1},"minecraft:custom":{"minecraft:mob_kills":56,"minecraft:interact_with_crafting_table":22,"minecraft:bell_ring":1,"minecraft:leave_game":5,"minecraft:time_since_death":48154,"minecraft:climb_one_cm":722,"minecraft:sprint_one_cm":1049943,"minecraft:walk_one_cm":821318,"minecraft:damage_blocked_by_shield":1120,"minecraft:drop":22,"minecraft:talked_to_villager":1,"minecraft:play_time":353694,"minecraft:deaths":2,"minecraft:sneak_time":2105,"minecraft:walk_under_water_one_cm":10411,"minecraft:boat_one_cm":553231,"minecraft:jump":4313,"minecraft:interact_with_brewingstand":3,"minecraft:interact_with_blast_furnace":27,"minecraft:walk_on_water_one_cm":30837,"minecraft:total_world_time":353694,"minecraft:interact_with_furnace":22,"spartanshields:shield_bash_hits":4,"minecraft:pot_flower":4,"minecraft:interact_with_grindstone":1,"minecraft:sleep_in_bed":5,"minecraft:time_since_rest":18641,"minecraft:damage_taken":2507,"minecraft:damage_dealt":9724,"minecraft:swim_one_cm":46498,"minecraft:fly_one_cm":1127066,"minecraft:open_chest":57,"minecraft:crouch_one_cm":2182,"minecraft:interact_with_smoker":24,"minecraft:fall_one_cm":108382}},"DataVersion":3465}