{"stats":{"minecraft:dropped":{"minecraft:raw_copper":6,"minecraft:rotten_flesh":10,"minecraft:spruce_planks":24,"minecraft:andesite":10,"minecraft:golden_hoe":2,"minecraft:beef":2,"minecraft:string":1,"minecraft:egg":1,"minecraft:spruce_sapling":3},"minecraft:killed":{"minecraft:pig":2,"minecraft:spider":3,"minecraft:creeper":1,"minecraft:skeleton":1,"minecraft:sheep":4,"minecraft:zombie":7,"minecraft:cow":2},"minecraft:broken":{"minecraft:stone_pickaxe":1},"minecraft:used":{"minecraft:stone_sword":14,"minecraft:stone_pickaxe":145,"minecraft:wooden_pickaxe":42,"minecraft:iron_sword":42,"minecraft:iron_chestplate":1,"minecraft:torch":6,"minecraft:crafting_table":6,"minecraft:wooden_axe":33,"spartanshields:stone_basic_shield":1,"minecraft:bread":9,"minecraft:iron_pickaxe":125,"minecraft:iron_helmet":1,"minecraft:iron_boots":1,"biomesoplenty:jacaranda_boat":2,"minecraft:cobblestone":9,"minecraft:furnace":1,"minecraft:cooked_porkchop":10,"minecraft:cobbled_deepslate":36,"minecraft:iron_leggings":1},"minecraft:crafted":{"minecraft:oak_planks":44,"biomesoplenty:jacaranda_planks":32,"minecraft:cooked_porkchop":4,"biomesoplenty:jacaranda_boat":1,"minecraft:crafting_table":4,"minecraft:spruce_planks":24,"minecraft:iron_helmet":1,"minecraft:wooden_pickaxe":1,"minecraft:iron_sword":1,"minecraft:furnace":1,"spartanshields:stone_basic_shield":1,"minecraft:air":0,"minecraft:iron_boots":1,"minecraft:iron_chestplate":1,"minecraft:shield":1,"minecraft:stick":16,"minecraft:iron_ingot":28,"minecraft:iron_pickaxe":1,"minecraft:stone_pickaxe":2,"minecraft:wooden_axe":1,"minecraft:stone_sword":1,"minecraft:iron_leggings":1,"minecraft:gold_ingot":9,"spartanshields:wooden_basic_shield":1,"minecraft:torch":4},"minecraft:mined":{"biomesoplenty:jacaranda_leaves":13,"minecraft:tuff":7,"minecraft:deepslate_diamond_ore":7,"minecraft:crafting_table":3,"minecraft:torch":1,"minecraft:grass_block":3,"minecraft:cobblestone":1,"minecraft:deepslate_gold_ore":20,"minecraft:diorite":2,"minecraft:wall_torch":4,"minecraft:blue_bed":1,"minecraft:deepslate_copper_ore":5,"biomesoplenty:jacaranda_log":8,"minecraft:furnace":1,"minecraft:iron_ore":28,"minecraft:andesite":12,"minecraft:deepslate_lapis_ore":7,"minecraft:gold_block":1,"minecraft:grass":2,"minecraft:oak_log":11,"minecraft:coal_ore":44,"minecraft:deepslate_iron_ore":36,"minecraft:dirt":6,"minecraft:stone":100,"minecraft:oak_leaves":1,"minecraft:deepslate":37,"minecraft:fern":2},"minecraft:picked_up":{"minecraft:crafting_table":3,"minecraft:glow_ink_sac":2,"minecraft:andesite":10,"minecraft:leather":1,"minecraft:gold_block":1,"biomesoplenty:jacaranda_sapling":3,"minecraft:tuff":7,"minecraft:oak_log":11,"minecraft:gunpowder":2,"minecraft:dirt":9,"minecraft:lapis_lazuli":45,"minecraft:blue_bed":1,"minecraft:string":1,"minecraft:raw_copper":6,"minecraft:cobbled_deepslate":36,"minecraft:raw_gold":20,"minecraft:iron_ingot":2,"minecraft:beef":2,"minecraft:furnace":1,"minecraft:egg":1,"minecraft:stick":4,"minecraft:raw_iron":62,"minecraft:cooked_porkchop":6,"biomesoplenty:jacaranda_boat":2,"minecraft:torch":6,"minecraft:porkchop":5,"minecraft:diorite":2,"minecraft:spider_eye":1,"minecraft:rotten_flesh":10,"biomesoplenty:jacaranda_log":8,"minecraft:diamond":7,"minecraft:golden_hoe":1,"minecraft:mutton":6,"minecraft:coal":41,"minecraft:white_wool":4,"minecraft:cobblestone":100},"minecraft:custom":{"minecraft:interact_with_furnace":16,"minecraft:mob_kills":20,"minecraft:interact_with_crafting_table":15,"minecraft:leave_game":2,"minecraft:time_since_death":80372,"minecraft:climb_one_cm":722,"minecraft:time_since_rest":80372,"minecraft:sprint_one_cm":283227,"minecraft:damage_taken":766,"minecraft:walk_one_cm":148399,"minecraft:damage_blocked_by_shield":30,"minecraft:drop":12,"minecraft:damage_dealt":2969,"minecraft:swim_one_cm":19815,"minecraft:fly_one_cm":361293,"minecraft:open_chest":9,"minecraft:crouch_one_cm":1369,"minecraft:play_time":80372,"minecraft:sneak_time":936,"minecraft:walk_under_water_one_cm":4499,"minecraft:boat_one_cm":338086,"minecraft:jump":1407,"minecraft:walk_on_water_one_cm":5564,"minecraft:total_world_time":80372,"minecraft:interact_with_smoker":2,"minecraft:fall_one_cm":40103}},"DataVersion":3465}