{"stats":{"minecraft:dropped":{"minecraft:iron_ingot":64,"minecraft:baked_potato":29,"biomesoplenty:jacaranda_planks":27,"minecraft:dirt":3,"biomesoplenty:orange_sand":2,"minecraft:wooden_axe":1,"minecraft:stripped_birch_log":1,"minecraft:jungle_sapling":4,"minecraft:golden_hoe":2,"minecraft:string":1,"minecraft:spruce_sapling":3,"minecraft:kelp":5,"minecraft:raw_copper":6,"minecraft:rotten_flesh":17,"biomesoplenty:palm_log":1,"minecraft:suspicious_stew":4,"minecraft:leather_chestplate":2,"minecraft:spruce_planks":24,"minecraft:andesite":10,"minecraft:golden_sword":1,"biomesoplenty:orange_sandstone":5,"biomesoplenty:mahogany_sapling":1,"minecraft:beef":2,"biomesoplenty:pink_hibiscus":1,"minecraft:egg":2},"minecraft:killed":{"minecraft:spider":6,"minecraft:skeleton":13,"minecraft:pig":2,"minecraft:zombie_villager":1,"minecraft:creeper":1,"minecraft:sheep":5,"minecraft:zombie":21,"minecraft:cow":5},"minecraft:broken":{"minecraft:stone_pickaxe":1,"minecraft:iron_axe":1,"minecraft:iron_pickaxe":1},"minecraft:used":{"minecraft:oak_fence":57,"minecraft:stripped_acacia_wood":4,"minecraft:cherry_sapling":15,"minecraft:stone_sword":14,"minecraft:acacia_log":1,"minecraft:chest":35,"minecraft:spruce_planks":380,"minecraft:iron_sword":174,"minecraft:bell":1,"minecraft:iron_chestplate":2,"minecraft:torch":72,"minecraft:brewing_stand":3,"minecraft:dirt":104,"minecraft:spruce_stairs":172,"minecraft:oak_fence_gate":2,"minecraft:stripped_spruce_log":861,"minecraft:glass":219,"minecraft:spruce_boat":3,"minecraft:iron_hoe":73,"minecraft:wooden_axe":33,"minecraft:lantern":65,"minecraft:iron_axe":323,"minecraft:grass_block":1,"minecraft:oak_stairs":54,"minecraft:iron_helmet":2,"minecraft:iron_boots":2,"minecraft:cherry_leaves":263,"minecraft:stone_brick_stairs":8,"minecraft:stone_bricks":107,"minecraft:item_frame":10,"minecraft:furnace":3,"minecraft:potato":113,"biomesoplenty:magic_leaves":1,"minecraft:cobbled_deepslate":56,"minecraft:stripped_spruce_wood":39,"minecraft:iron_leggings":2,"minecraft:cooked_mutton":1,"minecraft:water_bucket":10,"minecraft:spruce_door":11,"minecraft:stripped_acacia_log":2,"minecraft:baked_potato":47,"minecraft:oak_planks":294,"minecraft:stripped_birch_log":12,"minecraft:stone_pickaxe":228,"minecraft:wooden_pickaxe":42,"minecraft:crafting_table":10,"minecraft:blast_furnace":2,"minecraft:white_bed":2,"minecraft:spruce_log":1,"minecraft:smoker":2,"minecraft:flower_pot":3,"minecraft:birch_slab":268,"spartanshields:stone_basic_shield":36,"minecraft:bread":19,"minecraft:map":1,"minecraft:iron_pickaxe":488,"minecraft:spruce_trapdoor":260,"biomesoplenty:jacaranda_boat":4,"minecraft:stone_axe":1,"minecraft:cobblestone":20,"minecraft:stripped_oak_wood":90,"minecraft:grindstone":1,"minecraft:cooked_porkchop":10,"minecraft:bucket":6,"minecraft:glass_pane":132,"minecraft:stripped_oak_log":557,"biomesoplenty:jacaranda_leaves":1,"minecraft:bone_meal":42},"minecraft:crafted":{"minecraft:oak_planks":44,"usefulbackpacks:backpack_small":1,"minecraft:furnace":1,"minecraft:bone_meal":42,"minecraft:cooked_mutton":1,"minecraft:iron_boots":1,"minecraft:iron_axe":2,"minecraft:stone_pickaxe":2,"minecraft:chest":2,"minecraft:spruce_boat":2,"biomesoplenty:jacaranda_planks":32,"minecraft:cooked_porkchop":4,"biomesoplenty:jacaranda_boat":1,"minecraft:crafting_table":5,"minecraft:spruce_planks":60,"minecraft:iron_helmet":1,"minecraft:wooden_pickaxe":1,"minecraft:baked_potato":73,"minecraft:iron_sword":1,"spartanshields:stone_basic_shield":1,"minecraft:stone_axe":2,"minecraft:air":0,"minecraft:jungle_planks":20,"minecraft:iron_chestplate":1,"minecraft:shield":1,"minecraft:stick":36,"minecraft:iron_ingot":315,"minecraft:iron_pickaxe":3,"minecraft:wooden_axe":1,"minecraft:stone_sword":1,"minecraft:iron_leggings":1,"minecraft:gold_ingot":9,"spartanshields:wooden_basic_shield":1,"minecraft:torch":4},"minecraft:mined":{"minecraft:dark_oak_planks":3,"minecraft:tuff":12,"minecraft:spruce_planks":17,"minecraft:deepslate_diamond_ore":8,"minecraft:jungle_leaves":145,"biomesoplenty:desert_grass":2,"minecraft:brewing_stand":3,"minecraft:glow_lichen":1,"biomesoplenty:bush":2,"minecraft:grass_block":6,"biomesoplenty:pink_hibiscus":1,"minecraft:jungle_log":50,"minecraft:spruce_leaves":21,"biomesoplenty:orange_sandstone":7,"biomesoplenty:palm_log":1,"biomesoplenty:jacaranda_log":8,"minecraft:magma_block":3,"minecraft:furnace":1,"minecraft:iron_ore":42,"minecraft:andesite":12,"minecraft:deepslate_lapis_ore":13,"minecraft:gold_block":1,"minecraft:bell":1,"biomesoplenty:mahogany_leaves":6,"minecraft:vine":17,"minecraft:potatoes":49,"minecraft:deepslate_iron_ore":81,"minecraft:bamboo":9,"minecraft:stone":149,"minecraft:bone_block":86,"biomesoplenty:jacaranda_leaves":13,"minecraft:acacia_leaves":1,"minecraft:kelp_plant":1,"biomesoplenty:orange_sand":4,"minecraft:smoker":2,"minecraft:crafting_table":5,"minecraft:torch":1,"minecraft:cobblestone":1,"minecraft:lapis_ore":2,"minecraft:deepslate_gold_ore":39,"minecraft:grindstone":1,"minecraft:sugar_cane":42,"minecraft:oak_planks":15,"minecraft:diorite":4,"minecraft:wall_torch":6,"minecraft:blue_bed":1,"minecraft:deepslate_copper_ore":5,"minecraft:spruce_stairs":12,"minecraft:birch_planks":3,"biomesoplenty:blue_hydrangea":1,"minecraft:spruce_log":11,"minecraft:grass":21,"minecraft:oak_log":11,"minecraft:coal_ore":48,"minecraft:cocoa":1,"minecraft:gravel":4,"minecraft:sand":2,"minecraft:dirt":6,"biomesoplenty:stringy_cobweb":1,"minecraft:oak_leaves":1,"minecraft:deepslate":213,"minecraft:fern":3},"minecraft:picked_up":{"minecraft:cocoa_beans":37,"minecraft:crafting_table":5,"minecraft:gold_block":1,"biomesoplenty:jacaranda_sapling":3,"minecraft:brewing_stand":3,"minecraft:golden_sword":1,"minecraft:string":4,"minecraft:raw_copper":6,"minecraft:item_frame":2,"minecraft:cobbled_deepslate":217,"biomesoplenty:pink_hibiscus":1,"minecraft:spruce_planks":12,"minecraft:beef":2,"minecraft:jungle_sapling":4,"minecraft:sugar_cane":89,"minecraft:furnace":1,"minecraft:egg":3,"minecraft:stick":6,"minecraft:raw_iron":121,"minecraft:torch":8,"minecraft:spruce_stairs":7,"minecraft:porkchop":5,"minecraft:diorite":2,"minecraft:dark_oak_planks":3,"minecraft:arrow":10,"biomesoplenty:blue_hydrangea":1,"minecraft:rotten_flesh":26,"biomesoplenty:jacaranda_log":8,"biomesoplenty:palm_log":1,"minecraft:golden_hoe":1,"biomesoplenty:mahogany_sapling":1,"biomesoplenty:orange_sandstone":10,"minecraft:mutton":7,"biomesoplenty:orange_sand":2,"minecraft:bone_block":84,"minecraft:white_wool":5,"minecraft:cobblestone":167,"minecraft:magma_block":3,"minecraft:leather_chestplate":2,"minecraft:glow_ink_sac":2,"minecraft:andesite":10,"minecraft:jungle_log":50,"minecraft:leather":6,"minecraft:smoker":2,"minecraft:potato":164,"minecraft:flint":8,"minecraft:tuff":15,"minecraft:oak_log":11,"biomesoplenty:jacaranda_planks":27,"minecraft:gunpowder":2,"minecraft:stripped_birch_log":1,"minecraft:lapis_lazuli":94,"minecraft:dirt":16,"minecraft:blue_bed":1,"minecraft:lantern":2,"minecraft:bone":14,"minecraft:kelp":5,"minecraft:bow":1,"minecraft:wheat_seeds":5,"minecraft:raw_gold":39,"minecraft:bell":1,"minecraft:grindstone":1,"minecraft:iron_ingot":2,"minecraft:bamboo":39,"minecraft:oak_planks":12,"minecraft:cooked_porkchop":6,"biomesoplenty:jacaranda_boat":4,"minecraft:gravel":26,"minecraft:spruce_sapling":1,"minecraft:spruce_log":11,"minecraft:spider_eye":1,"minecraft:diamond":8,"minecraft:spruce_boat":2,"minecraft:baked_potato":14,"minecraft:coal":50},"minecraft:killed_by":{"minecraft:creeper":1},"minecraft:custom":{"minecraft:mob_kills":56,"minecraft:interact_with_crafting_table":24,"minecraft:bell_ring":1,"minecraft:leave_game":7,"minecraft:time_since_death":89806,"minecraft:climb_one_cm":722,"minecraft:sprint_one_cm":1173209,"minecraft:walk_one_cm":857772,"minecraft:damage_blocked_by_shield":1120,"minecraft:drop":38,"minecraft:talked_to_villager":1,"minecraft:play_time":395346,"minecraft:sneak_time":2126,"minecraft:deaths":2,"minecraft:walk_under_water_one_cm":14585,"minecraft:boat_one_cm":1023211,"minecraft:jump":4868,"minecraft:interact_with_brewingstand":3,"minecraft:interact_with_blast_furnace":31,"minecraft:walk_on_water_one_cm":34635,"minecraft:total_world_time":395346,"minecraft:interact_with_furnace":22,"spartanshields:shield_bash_hits":4,"minecraft:pot_flower":4,"minecraft:interact_with_grindstone":2,"minecraft:sleep_in_bed":6,"minecraft:time_since_rest":4492,"minecraft:damage_taken":2717,"minecraft:damage_dealt":9724,"minecraft:swim_one_cm":76779,"minecraft:fly_one_cm":1250843,"minecraft:open_chest":72,"minecraft:crouch_one_cm":2206,"minecraft:interact_with_smoker":25,"minecraft:fall_one_cm":123347}},"DataVersion":3465}