{"stats":{"minecraft:dropped":{"minecraft:baked_potato":14},"minecraft:killed":{"minecraft:zombie_villager":2,"minecraft:skeleton":9,"minecraft:zombie":7},"minecraft:broken":{"minecraft:iron_pickaxe":1},"minecraft:used":{"minecraft:water_bucket":11,"minecraft:baked_potato":14,"minecraft:iron_sword":53,"minecraft:orange_bed":1,"minecraft:torch":96,"minecraft:dirt":16,"minecraft:bread":1,"minecraft:iron_pickaxe":291,"minecraft:map":1,"minecraft:bucket":12,"minecraft:potato":12,"minecraft:cobbled_deepslate":4,"minecraft:bone_meal":18},"minecraft:crafted":{"minecraft:oak_planks":16,"minecraft:crafting_table":1,"minecraft:spruce_planks":16,"minecraft:baked_potato":32,"minecraft:iron_helmet":1,"minecraft:iron_sword":1,"minecraft:bucket":1,"minecraft:bone_meal":18,"minecraft:air":0,"minecraft:iron_chestplate":1,"minecraft:iron_boots":1,"minecraft:stick":56,"minecraft:iron_pickaxe":3,"minecraft:iron_leggings":1,"minecraft:torch":140},"minecraft:mined":{"minecraft:deepslate_redstone_ore":11,"minecraft:tuff":17,"minecraft:deepslate_diamond_ore":2,"minecraft:amethyst_cluster":1,"biomesoplenty:desert_grass":1,"minecraft:budding_amethyst":2,"minecraft:calcite":2,"minecraft:deepslate_gold_ore":19,"minecraft:diorite":3,"minecraft:wall_torch":1,"minecraft:amethyst_block":39,"minecraft:iron_ore":20,"minecraft:spruce_log":4,"minecraft:deepslate_lapis_ore":1,"minecraft:oak_log":4,"minecraft:potatoes":12,"minecraft:coal_ore":26,"minecraft:deepslate_iron_ore":49,"minecraft:stone":17,"minecraft:deepslate":82,"minecraft:orange_bed":1},"minecraft:picked_up":{"minecraft:potato":47,"minecraft:tuff":14,"minecraft:oak_log":4,"minecraft:amethyst_block":39,"minecraft:dirt":16,"minecraft:lapis_lazuli":5,"minecraft:bone":11,"minecraft:cobbled_deepslate":69,"minecraft:raw_gold":19,"minecraft:iron_ingot":64,"minecraft:calcite":2,"minecraft:egg":1,"minecraft:raw_iron":69,"minecraft:torch":2,"minecraft:amethyst_shard":4,"minecraft:diorite":3,"minecraft:spruce_log":4,"minecraft:redstone":48,"minecraft:orange_bed":1,"minecraft:arrow":13,"minecraft:rotten_flesh":19,"minecraft:diamond":2,"minecraft:baked_potato":29,"minecraft:coal":23,"minecraft:cobblestone":17},"minecraft:custom":{"minecraft:interact_with_furnace":2,"minecraft:mob_kills":18,"minecraft:interact_with_crafting_table":2,"minecraft:leave_game":1,"minecraft:time_since_death":44339,"minecraft:time_since_rest":44339,"minecraft:sprint_one_cm":148234,"minecraft:damage_taken":423,"minecraft:walk_one_cm":140718,"minecraft:drop":14,"minecraft:damage_dealt":3354,"minecraft:swim_one_cm":4200,"minecraft:fly_one_cm":136892,"minecraft:open_chest":13,"minecraft:crouch_one_cm":1699,"minecraft:play_time":44339,"minecraft:sneak_time":1117,"minecraft:walk_under_water_one_cm":1798,"minecraft:jump":761,"minecraft:interact_with_brewingstand":2,"minecraft:interact_with_blast_furnace":6,"minecraft:walk_on_water_one_cm":7944,"minecraft:total_world_time":44339,"minecraft:interact_with_smoker":14,"minecraft:fall_one_cm":15456}},"DataVersion":3465}