{"stats":{"minecraft:dropped":{"minecraft:stone_hoe":1,"biomesoplenty:dried_salt":1,"minecraft:baked_potato":14,"minecraft:rotten_flesh":7,"minecraft:dirt":1,"minecraft:beetroot_seeds":1,"minecraft:sand":1,"minecraft:iron_shovel":1,"minecraft:calcite":1,"minecraft:nautilus_shell":1,"minecraft:lily_pad":1,"minecraft:netherrack":1},"minecraft:killed":{"minecraft:zombie_villager":2,"minecraft:spider":1,"minecraft:creeper":1,"minecraft:skeleton":12,"minecraft:zombie":13,"minecraft:drowned":7},"minecraft:broken":{"minecraft:iron_pickaxe":1},"minecraft:used":{"minecraft:water_bucket":13,"minecraft:iron_shovel":131,"minecraft:baked_potato":28,"minecraft:iron_sword":98,"minecraft:stone_hoe":127,"minecraft:orange_bed":2,"minecraft:torch":222,"minecraft:dirt":139,"minecraft:crafting_table":1,"minecraft:carrot":111,"minecraft:jungle_sapling":8,"minecraft:spruce_boat":6,"minecraft:iron_hoe":80,"minecraft:bread":22,"minecraft:iron_pickaxe":415,"minecraft:map":3,"minecraft:cobblestone":4,"minecraft:stone_axe":2,"minecraft:fire_charge":1,"minecraft:bow":16,"minecraft:mangrove_roots":1,"minecraft:bucket":13,"minecraft:potato":12,"minecraft:cobbled_deepslate":13,"minecraft:bone_meal":105},"minecraft:crafted":{"minecraft:oak_planks":16,"minecraft:crafting_table":1,"minecraft:spruce_planks":16,"minecraft:baked_potato":32,"minecraft:iron_helmet":1,"minecraft:iron_sword":1,"minecraft:bucket":1,"minecraft:bone_meal":132,"minecraft:bread":64,"minecraft:air":0,"minecraft:spruce_trapdoor":4,"minecraft:iron_boots":1,"minecraft:iron_chestplate":1,"minecraft:iron_hoe":1,"minecraft:stick":56,"minecraft:iron_pickaxe":3,"minecraft:iron_shovel":2,"minecraft:iron_leggings":1,"minecraft:spruce_boat":1,"minecraft:torch":196,"minecraft:stone_hoe":1,"minecraft:wheat":261},"minecraft:mined":{"minecraft:deepslate_redstone_ore":11,"minecraft:tuff":17,"minecraft:deepslate_diamond_ore":2,"minecraft:smoker":2,"minecraft:amethyst_cluster":1,"biomesoplenty:desert_grass":5,"minecraft:mangrove_roots":1,"minecraft:crafting_table":1,"minecraft:budding_amethyst":2,"minecraft:grass_block":96,"minecraft:calcite":3,"minecraft:lectern":1,"biomesoplenty:dried_salt":1,"biomesoplenty:dead_grass":1,"minecraft:composter":2,"minecraft:deepslate_gold_ore":26,"minecraft:grindstone":1,"minecraft:sugar_cane":7,"minecraft:cartography_table":3,"minecraft:diorite":3,"biomesoplenty:dune_grass":3,"minecraft:wall_torch":1,"minecraft:amethyst_block":39,"minecraft:hay_block":198,"minecraft:carrots":29,"minecraft:jungle_sapling":4,"minecraft:fire":1,"minecraft:iron_ore":30,"minecraft:wheat":31,"minecraft:spruce_log":4,"minecraft:deepslate_lapis_ore":3,"minecraft:grass":4,"minecraft:bookshelf":8,"minecraft:oak_log":4,"minecraft:potatoes":12,"minecraft:coal_ore":41,"minecraft:beetroots":1,"minecraft:deepslate_iron_ore":70,"minecraft:dirt":33,"minecraft:sand":3,"minecraft:netherrack":2,"minecraft:bone_block":12,"minecraft:stone":52,"minecraft:deepslate":91,"minecraft:orange_bed":2},"minecraft:picked_up":{"minecraft:nautilus_shell":1,"minecraft:crafting_table":1,"minecraft:wheat":27,"biomesoplenty:dried_salt":1,"minecraft:smoker":2,"minecraft:potato":47,"minecraft:lily_pad":1,"minecraft:tuff":14,"minecraft:oak_log":4,"minecraft:amethyst_block":39,"minecraft:dirt":305,"minecraft:lapis_lazuli":19,"minecraft:bone":17,"minecraft:wheat_seeds":76,"minecraft:cartography_table":3,"minecraft:cobbled_deepslate":82,"minecraft:raw_gold":26,"minecraft:grindstone":1,"minecraft:iron_ingot":64,"minecraft:jungle_sapling":8,"minecraft:calcite":3,"minecraft:lectern":1,"biomesoplenty:wildflower":5,"minecraft:sugar_cane":13,"minecraft:egg":3,"minecraft:book":24,"minecraft:raw_iron":100,"minecraft:composter":4,"minecraft:torch":85,"minecraft:sand":1,"minecraft:amethyst_shard":4,"minecraft:carrot":106,"minecraft:diorite":3,"minecraft:spruce_log":4,"minecraft:redstone":48,"minecraft:orange_bed":2,"minecraft:arrow":17,"minecraft:rotten_flesh":36,"minecraft:diamond":2,"minecraft:beetroot_seeds":1,"minecraft:spruce_boat":6,"minecraft:hay_block":198,"minecraft:mangrove_roots":1,"minecraft:baked_potato":29,"minecraft:netherrack":1,"minecraft:coal":38,"minecraft:bone_block":12,"minecraft:cobblestone":154},"minecraft:custom":{"minecraft:interact_with_furnace":5,"minecraft:mob_kills":37,"minecraft:interact_with_cartography_table":1,"minecraft:interact_with_crafting_table":8,"minecraft:interact_with_grindstone":1,"minecraft:interact_with_stonecutter":1,"minecraft:leave_game":2,"minecraft:time_since_death":125394,"minecraft:sleep_in_bed":6,"minecraft:time_since_rest":2554,"minecraft:sprint_one_cm":432650,"minecraft:damage_taken":1582,"minecraft:walk_one_cm":341031,"minecraft:drop":25,"minecraft:damage_dealt":5868,"minecraft:swim_one_cm":69408,"minecraft:talked_to_villager":11,"minecraft:fly_one_cm":528669,"minecraft:open_chest":61,"minecraft:crouch_one_cm":9595,"minecraft:play_time":125394,"minecraft:sneak_time":4033,"minecraft:walk_under_water_one_cm":30952,"minecraft:boat_one_cm":192840,"minecraft:jump":2339,"minecraft:interact_with_brewingstand":2,"minecraft:interact_with_blast_furnace":12,"minecraft:walk_on_water_one_cm":42584,"minecraft:interact_with_smoker":14,"minecraft:total_world_time":125394,"minecraft:fall_one_cm":44655}},"DataVersion":3465}