{"stats":{"minecraft:dropped":{"biomesoplenty:dried_salt":1,"minecraft:baked_potato":14},"minecraft:killed":{"minecraft:zombie_villager":2,"minecraft:spider":1,"minecraft:creeper":1,"minecraft:skeleton":12,"minecraft:zombie":11},"minecraft:broken":{"minecraft:iron_pickaxe":1},"minecraft:used":{"minecraft:water_bucket":11,"minecraft:baked_potato":28,"minecraft:iron_sword":87,"minecraft:stone_hoe":91,"minecraft:orange_bed":1,"minecraft:torch":222,"minecraft:dirt":16,"minecraft:crafting_table":1,"minecraft:spruce_boat":3,"minecraft:bread":3,"minecraft:iron_pickaxe":415,"minecraft:map":1,"minecraft:fire_charge":1,"minecraft:bucket":12,"minecraft:potato":12,"minecraft:cobbled_deepslate":13,"minecraft:bone_meal":18},"minecraft:crafted":{"minecraft:oak_planks":16,"minecraft:crafting_table":1,"minecraft:spruce_planks":16,"minecraft:baked_potato":32,"minecraft:iron_helmet":1,"minecraft:iron_sword":1,"minecraft:bucket":1,"minecraft:bone_meal":18,"minecraft:bread":64,"minecraft:air":0,"minecraft:iron_boots":1,"minecraft:iron_chestplate":1,"minecraft:stick":56,"minecraft:iron_pickaxe":3,"minecraft:iron_leggings":1,"minecraft:spruce_boat":1,"minecraft:torch":140,"minecraft:stone_hoe":1,"minecraft:wheat":261},"minecraft:mined":{"minecraft:deepslate_redstone_ore":11,"minecraft:tuff":17,"minecraft:deepslate_diamond_ore":2,"minecraft:smoker":2,"minecraft:amethyst_cluster":1,"biomesoplenty:desert_grass":1,"minecraft:crafting_table":1,"minecraft:budding_amethyst":2,"minecraft:grass_block":2,"minecraft:calcite":3,"minecraft:lectern":1,"biomesoplenty:dried_salt":1,"minecraft:composter":2,"minecraft:deepslate_gold_ore":26,"minecraft:grindstone":1,"minecraft:sugar_cane":1,"minecraft:cartography_table":3,"minecraft:diorite":3,"biomesoplenty:dune_grass":1,"minecraft:wall_torch":1,"minecraft:amethyst_block":39,"minecraft:hay_block":165,"minecraft:fire":1,"minecraft:iron_ore":30,"minecraft:wheat":31,"minecraft:spruce_log":4,"minecraft:deepslate_lapis_ore":3,"minecraft:grass":1,"minecraft:bookshelf":8,"minecraft:oak_log":4,"minecraft:potatoes":12,"minecraft:coal_ore":41,"minecraft:beetroots":1,"minecraft:deepslate_iron_ore":70,"minecraft:netherrack":2,"minecraft:bone_block":12,"minecraft:stone":52,"minecraft:deepslate":91,"minecraft:orange_bed":2},"minecraft:picked_up":{"minecraft:crafting_table":1,"minecraft:wheat":27,"biomesoplenty:dried_salt":1,"minecraft:smoker":2,"minecraft:potato":47,"minecraft:tuff":14,"minecraft:oak_log":4,"minecraft:amethyst_block":39,"minecraft:dirt":17,"minecraft:lapis_lazuli":19,"minecraft:bone":17,"minecraft:wheat_seeds":68,"minecraft:cartography_table":3,"minecraft:cobbled_deepslate":82,"minecraft:raw_gold":26,"minecraft:grindstone":1,"minecraft:iron_ingot":64,"minecraft:calcite":3,"minecraft:lectern":1,"minecraft:sugar_cane":3,"minecraft:egg":3,"minecraft:book":24,"minecraft:raw_iron":100,"minecraft:composter":2,"minecraft:torch":85,"minecraft:amethyst_shard":4,"minecraft:diorite":3,"minecraft:spruce_log":4,"minecraft:redstone":48,"minecraft:orange_bed":2,"minecraft:arrow":17,"minecraft:rotten_flesh":24,"minecraft:diamond":2,"minecraft:beetroot_seeds":1,"minecraft:spruce_boat":3,"minecraft:hay_block":161,"minecraft:baked_potato":29,"minecraft:netherrack":1,"minecraft:coal":38,"minecraft:bone_block":12,"minecraft:cobblestone":50},"minecraft:custom":{"minecraft:interact_with_furnace":5,"minecraft:mob_kills":28,"minecraft:interact_with_crafting_table":5,"minecraft:interact_with_grindstone":1,"minecraft:leave_game":2,"minecraft:time_since_death":89394,"minecraft:sleep_in_bed":2,"minecraft:time_since_rest":10199,"minecraft:sprint_one_cm":317180,"minecraft:damage_taken":892,"minecraft:walk_one_cm":255317,"minecraft:drop":15,"minecraft:damage_dealt":5323,"minecraft:swim_one_cm":26760,"minecraft:talked_to_villager":10,"minecraft:fly_one_cm":379669,"minecraft:open_chest":26,"minecraft:crouch_one_cm":3085,"minecraft:play_time":89394,"minecraft:sneak_time":1764,"minecraft:walk_under_water_one_cm":13929,"minecraft:boat_one_cm":88155,"minecraft:jump":1789,"minecraft:interact_with_brewingstand":2,"minecraft:interact_with_blast_furnace":12,"minecraft:walk_on_water_one_cm":29717,"minecraft:interact_with_smoker":14,"minecraft:total_world_time":89394,"minecraft:fall_one_cm":33602}},"DataVersion":3465}