{"stats":{"minecraft:dropped":{"minecraft:baked_potato":14},"minecraft:killed":{"minecraft:zombie_villager":2,"minecraft:spider":1,"minecraft:creeper":1,"minecraft:skeleton":12,"minecraft:zombie":11},"minecraft:broken":{"minecraft:iron_pickaxe":1},"minecraft:used":{"minecraft:water_bucket":11,"minecraft:baked_potato":22,"minecraft:iron_sword":87,"minecraft:orange_bed":1,"minecraft:torch":222,"minecraft:dirt":16,"minecraft:bread":1,"minecraft:iron_pickaxe":388,"minecraft:map":1,"minecraft:bucket":12,"minecraft:potato":12,"minecraft:cobbled_deepslate":13,"minecraft:bone_meal":18},"minecraft:crafted":{"minecraft:oak_planks":16,"minecraft:crafting_table":1,"minecraft:spruce_planks":16,"minecraft:baked_potato":32,"minecraft:iron_helmet":1,"minecraft:iron_sword":1,"minecraft:bucket":1,"minecraft:bone_meal":18,"minecraft:air":0,"minecraft:iron_boots":1,"minecraft:iron_chestplate":1,"minecraft:stick":56,"minecraft:iron_pickaxe":3,"minecraft:iron_leggings":1,"minecraft:torch":140},"minecraft:mined":{"minecraft:deepslate_redstone_ore":11,"minecraft:tuff":17,"minecraft:deepslate_diamond_ore":2,"minecraft:amethyst_cluster":1,"biomesoplenty:desert_grass":1,"minecraft:budding_amethyst":2,"minecraft:calcite":2,"minecraft:deepslate_gold_ore":26,"minecraft:diorite":3,"minecraft:wall_torch":1,"minecraft:amethyst_block":39,"minecraft:iron_ore":30,"minecraft:spruce_log":4,"minecraft:deepslate_lapis_ore":3,"minecraft:oak_log":4,"minecraft:potatoes":12,"minecraft:coal_ore":41,"minecraft:deepslate_iron_ore":70,"minecraft:stone":50,"minecraft:deepslate":91,"minecraft:orange_bed":1},"minecraft:picked_up":{"minecraft:potato":47,"minecraft:tuff":14,"minecraft:oak_log":4,"minecraft:amethyst_block":39,"minecraft:dirt":16,"minecraft:lapis_lazuli":19,"minecraft:bone":17,"minecraft:cobbled_deepslate":82,"minecraft:raw_gold":26,"minecraft:iron_ingot":64,"minecraft:calcite":2,"minecraft:egg":1,"minecraft:raw_iron":100,"minecraft:torch":85,"minecraft:amethyst_shard":4,"minecraft:diorite":3,"minecraft:spruce_log":4,"minecraft:redstone":48,"minecraft:orange_bed":1,"minecraft:arrow":17,"minecraft:rotten_flesh":24,"minecraft:diamond":2,"minecraft:baked_potato":29,"minecraft:coal":38,"minecraft:cobblestone":48},"minecraft:custom":{"minecraft:interact_with_furnace":5,"minecraft:mob_kills":28,"minecraft:interact_with_crafting_table":2,"minecraft:leave_game":2,"minecraft:time_since_death":59394,"minecraft:time_since_rest":59394,"minecraft:sprint_one_cm":185212,"minecraft:damage_taken":852,"minecraft:walk_one_cm":192755,"minecraft:drop":14,"minecraft:damage_dealt":5323,"minecraft:swim_one_cm":15258,"minecraft:fly_one_cm":171969,"minecraft:open_chest":17,"minecraft:crouch_one_cm":2499,"minecraft:play_time":59394,"minecraft:sneak_time":1552,"minecraft:walk_under_water_one_cm":12599,"minecraft:jump":1069,"minecraft:interact_with_brewingstand":2,"minecraft:interact_with_blast_furnace":11,"minecraft:walk_on_water_one_cm":15808,"minecraft:interact_with_smoker":14,"minecraft:total_world_time":59394,"minecraft:fall_one_cm":20290}},"DataVersion":3465}