{"stats":{"minecraft:dropped":{"minecraft:stone_hoe":1,"minecraft:baked_potato":14,"minecraft:dirt":1,"minecraft:sand":1,"minecraft:iron_shovel":1,"minecraft:lily_pad":1,"biomesoplenty:dried_salt":1,"minecraft:rotten_flesh":7,"minecraft:carrot":75,"minecraft:beetroot_seeds":1,"minecraft:calcite":1,"minecraft:nautilus_shell":1,"minecraft:netherrack":1},"minecraft:killed":{"minecraft:spider":1,"minecraft:skeleton":12,"minecraft:chicken":1,"minecraft:drowned":7,"minecraft:zombie_villager":2,"minecraft:creeper":1,"minecraft:zombie":13},"minecraft:broken":{"minecraft:iron_pickaxe":2},"minecraft:used":{"minecraft:iron_shovel":165,"minecraft:iron_sword":99,"minecraft:stone_hoe":127,"minecraft:orange_bed":9,"minecraft:torch":228,"minecraft:dirt":141,"minecraft:carrot":172,"minecraft:granite":2,"minecraft:spruce_boat":6,"minecraft:jungle_sapling":13,"minecraft:iron_hoe":83,"minecraft:bow":17,"minecraft:mangrove_roots":1,"minecraft:minecart":5,"minecraft:potato":12,"minecraft:cobbled_deepslate":13,"minecraft:water_bucket":13,"minecraft:baked_potato":28,"minecraft:composter":11,"minecraft:rail":34,"minecraft:crafting_table":2,"minecraft:blast_furnace":2,"minecraft:smoker":2,"minecraft:bread":27,"minecraft:map":3,"minecraft:iron_pickaxe":642,"minecraft:spruce_trapdoor":4,"minecraft:stone_axe":2,"minecraft:fire_charge":1,"minecraft:cobblestone":141,"minecraft:grindstone":2,"minecraft:bucket":13,"minecraft:bone_meal":275},"minecraft:crafted":{"minecraft:oak_planks":16,"minecraft:bone_meal":339,"minecraft:iron_boots":1,"minecraft:iron_hoe":1,"minecraft:spruce_boat":1,"minecraft:rail":48,"minecraft:stone_hoe":1,"minecraft:minecart":2,"minecraft:wheat":261,"minecraft:crafting_table":1,"minecraft:spruce_planks":16,"minecraft:iron_helmet":1,"minecraft:baked_potato":32,"minecraft:iron_sword":1,"minecraft:bucket":1,"minecraft:bread":64,"minecraft:air":0,"minecraft:spruce_trapdoor":4,"minecraft:iron_chestplate":1,"minecraft:stick":68,"minecraft:iron_pickaxe":3,"minecraft:iron_shovel":2,"minecraft:iron_leggings":1,"minecraft:torch":196},"minecraft:mined":{"minecraft:tuff":17,"minecraft:deepslate_diamond_ore":2,"biomesoplenty:desert_grass":5,"minecraft:mangrove_roots":1,"minecraft:granite":63,"minecraft:budding_amethyst":2,"minecraft:grass_block":100,"biomesoplenty:dried_salt":1,"biomesoplenty:dead_grass":1,"minecraft:composter":11,"minecraft:cartography_table":3,"biomesoplenty:dune_grass":3,"minecraft:hay_block":198,"minecraft:carrots":80,"minecraft:jungle_sapling":9,"minecraft:iron_ore":30,"minecraft:fire":1,"minecraft:deepslate_lapis_ore":3,"minecraft:bookshelf":8,"minecraft:potatoes":13,"minecraft:rail":16,"minecraft:deepslate_iron_ore":70,"minecraft:stone":139,"minecraft:bone_block":12,"minecraft:orange_bed":6,"minecraft:deepslate_redstone_ore":11,"minecraft:smoker":4,"minecraft:amethyst_cluster":1,"minecraft:crafting_table":1,"minecraft:blast_furnace":2,"minecraft:calcite":3,"minecraft:lectern":1,"minecraft:cobblestone":26,"minecraft:deepslate_gold_ore":26,"minecraft:grindstone":3,"minecraft:sugar_cane":7,"minecraft:diorite":3,"minecraft:wall_torch":1,"minecraft:amethyst_block":39,"minecraft:wheat":31,"minecraft:spruce_log":4,"minecraft:grass":5,"minecraft:coal_ore":60,"minecraft:oak_log":4,"minecraft:beetroots":1,"minecraft:sand":3,"minecraft:dirt":70,"minecraft:netherrack":2,"minecraft:deepslate":91},"minecraft:picked_up":{"minecraft:crafting_table":1,"minecraft:wheat":27,"minecraft:chicken":1,"minecraft:amethyst_block":39,"minecraft:cartography_table":3,"minecraft:cobbled_deepslate":82,"minecraft:calcite":3,"minecraft:jungle_sapling":13,"minecraft:minecart":3,"minecraft:lectern":1,"biomesoplenty:wildflower":5,"minecraft:sugar_cane":13,"minecraft:egg":3,"minecraft:stick":18,"minecraft:raw_iron":100,"minecraft:composter":13,"minecraft:torch":85,"minecraft:diorite":3,"minecraft:carrot":291,"minecraft:redstone":48,"minecraft:orange_bed":9,"minecraft:arrow":17,"minecraft:rotten_flesh":36,"minecraft:beetroot_seeds":1,"minecraft:hay_block":198,"minecraft:mangrove_roots":1,"minecraft:rail":15,"minecraft:cobblestone":267,"minecraft:bone_block":12,"minecraft:nautilus_shell":1,"minecraft:feather":1,"biomesoplenty:dried_salt":1,"minecraft:smoker":4,"minecraft:potato":50,"minecraft:tuff":14,"minecraft:oak_log":4,"minecraft:lily_pad":1,"minecraft:lapis_lazuli":19,"minecraft:dirt":347,"minecraft:bone":17,"minecraft:wheat_seeds":77,"minecraft:raw_gold":26,"minecraft:iron_ingot":64,"minecraft:grindstone":3,"minecraft:book":24,"minecraft:sand":1,"minecraft:amethyst_shard":4,"minecraft:blast_furnace":2,"minecraft:spruce_log":4,"minecraft:diamond":2,"minecraft:spruce_boat":6,"minecraft:granite":63,"minecraft:baked_potato":74,"minecraft:netherrack":1,"minecraft:coal":73},"minecraft:custom":{"minecraft:mob_kills":38,"minecraft:interact_with_crafting_table":11,"minecraft:leave_game":2,"minecraft:time_since_death":161394,"minecraft:sprint_one_cm":501843,"minecraft:walk_one_cm":478833,"minecraft:drop":27,"minecraft:talked_to_villager":16,"minecraft:play_time":161394,"minecraft:sneak_time":6026,"minecraft:walk_under_water_one_cm":30952,"minecraft:boat_one_cm":192840,"minecraft:interact_with_brewingstand":2,"minecraft:jump":2809,"minecraft:interact_with_blast_furnace":12,"minecraft:walk_on_water_one_cm":42584,"minecraft:total_world_time":161394,"minecraft:interact_with_furnace":5,"minecraft:interact_with_cartography_table":1,"minecraft:interact_with_grindstone":1,"minecraft:interact_with_stonecutter":1,"minecraft:sleep_in_bed":8,"minecraft:time_since_rest":10186,"minecraft:damage_taken":1686,"minecraft:damage_dealt":5902,"minecraft:swim_one_cm":69408,"minecraft:fly_one_cm":602604,"minecraft:open_chest":67,"minecraft:crouch_one_cm":15978,"minecraft:interact_with_smoker":14,"minecraft:fall_one_cm":53279}},"DataVersion":3465}