{"stats":{"minecraft:killed":{"minecraft:witch":1,"minecraft:spider":8,"minecraft:skeleton":12,"minecraft:chicken":9,"minecraft:pig":14,"minecraft:creeper":1,"minecraft:sheep":4,"minecraft:zombie":16,"minecraft:cow":2},"minecraft:mined":{"minecraft:spruce_planks":5,"minecraft:deepslate_diamond_ore":11,"minecraft:oak_door":2,"minecraft:stripped_birch_log":4,"minecraft:brewing_stand":1,"minecraft:cave_vines_plant":7,"minecraft:grass_block":4,"minecraft:spruce_leaves":4,"minecraft:large_fern":3,"minecraft:redstone_ore":2,"minecraft:furnace":6,"biomesoplenty:toadstool":1,"minecraft:iron_ore":43,"minecraft:cobbled_deepslate":1,"minecraft:stripped_spruce_log":4,"minecraft:bookshelf":4,"minecraft:cave_vines":15,"minecraft:deepslate_iron_ore":36,"minecraft:oak_stairs":1,"minecraft:packed_ice":55,"minecraft:stone":150,"minecraft:white_wool":1,"minecraft:tripwire":1,"minecraft:deepslate_redstone_ore":8,"minecraft:flowering_azalea":2,"minecraft:smoker":1,"minecraft:spruce_door":1,"minecraft:powder_snow":4,"minecraft:crafting_table":7,"minecraft:cobblestone":5,"minecraft:lapis_ore":5,"minecraft:deepslate_gold_ore":16,"minecraft:grindstone":3,"minecraft:oak_planks":7,"minecraft:sugar_cane":2,"minecraft:wall_torch":4,"minecraft:spruce_stairs":4,"minecraft:birch_log":7,"minecraft:sweet_berry_bush":34,"minecraft:ice":1,"minecraft:spruce_log":15,"minecraft:coal_ore":43,"minecraft:dirt":14,"minecraft:stonecutter":1,"minecraft:oak_leaves":1,"minecraft:deepslate":12,"minecraft:fern":2},"minecraft:picked_up":{"minecraft:crafting_table":7,"minecraft:chicken":9,"minecraft:oak_stairs":1,"minecraft:brewing_stand":1,"minecraft:string":10,"minecraft:cobbled_deepslate":22,"minecraft:spruce_planks":5,"minecraft:beef":3,"minecraft:light_gray_wool":1,"minecraft:sugar_cane":2,"minecraft:furnace":6,"minecraft:stick":2,"minecraft:raw_iron":81,"minecraft:oak_door":2,"minecraft:torch":2,"minecraft:spruce_stairs":4,"minecraft:porkchop":25,"minecraft:redstone":46,"minecraft:arrow":9,"minecraft:rotten_flesh":14,"minecraft:glow_berries":14,"minecraft:mutton":5,"minecraft:cobblestone":154,"minecraft:white_wool":4,"minecraft:birch_log":7,"minecraft:feather":9,"minecraft:glow_ink_sac":2,"minecraft:leather":2,"minecraft:smoker":1,"minecraft:gunpowder":3,"minecraft:stripped_birch_log":4,"minecraft:lapis_lazuli":37,"minecraft:dirt":17,"minecraft:bone":13,"minecraft:stonecutter":1,"minecraft:bow":1,"minecraft:raw_gold":16,"minecraft:grindstone":3,"minecraft:glass_bottle":1,"minecraft:oak_planks":7,"minecraft:flowering_azalea":2,"minecraft:book":12,"biomesoplenty:toadstool":1,"minecraft:sweet_berries":78,"minecraft:stripped_spruce_log":4,"minecraft:spruce_sapling":4,"minecraft:spruce_log":20,"minecraft:spider_eye":3,"minecraft:spruce_door":1,"minecraft:diamond":11,"minecraft:spruce_boat":1,"minecraft:coal":68},"minecraft:broken":{"minecraft:stone_pickaxe":1,"minecraft:stone_axe":1,"minecraft:bow":1},"minecraft:used":{"minecraft:stone_shovel":16,"minecraft:spruce_planks":5,"minecraft:chest":1,"minecraft:shield":21,"minecraft:iron_sword":106,"minecraft:cooked_chicken":9,"minecraft:oak_door":1,"minecraft:torch":8,"minecraft:dirt":17,"minecraft:spruce_stairs":3,"minecraft:spruce_boat":2,"minecraft:flowering_azalea":2,"minecraft:iron_axe":28,"minecraft:light_gray_wool":1,"minecraft:bow":1,"minecraft:sweet_berries":20,"minecraft:furnace":10,"minecraft:cobbled_deepslate":22,"minecraft:water_bucket":15,"minecraft:stone_pickaxe":216,"minecraft:wooden_pickaxe":3,"minecraft:white_wool":3,"minecraft:glow_berries":17,"minecraft:crafting_table":8,"minecraft:smoker":3,"minecraft:bread":17,"minecraft:string":1,"minecraft:iron_pickaxe":145,"minecraft:stone_axe":99,"minecraft:diamond_sword":2,"minecraft:cobblestone":82,"minecraft:cooked_porkchop":5,"minecraft:bucket":16},"minecraft:crafted":{"minecraft:stone_shovel":1,"minecraft:cooked_chicken":9,"minecraft:furnace":6,"minecraft:iron_boots":1,"minecraft:iron_axe":1,"minecraft:stone_pickaxe":2,"minecraft:chest":1,"minecraft:spruce_boat":1,"minecraft:smoker":2,"minecraft:diamond_sword":1,"minecraft:cooked_porkchop":11,"minecraft:crafting_table":2,"minecraft:spruce_planks":156,"minecraft:wooden_pickaxe":1,"minecraft:iron_helmet":1,"minecraft:iron_sword":1,"minecraft:bucket":1,"minecraft:birch_planks":28,"minecraft:stone_axe":2,"minecraft:bread":12,"minecraft:air":0,"minecraft:iron_chestplate":1,"minecraft:diamond_pickaxe":1,"minecraft:shield":1,"minecraft:stick":24,"minecraft:iron_ingot":81,"minecraft:iron_pickaxe":1,"minecraft:iron_leggings":1,"minecraft:torch":20},"minecraft:dropped":{"minecraft:iron_ingot":2,"minecraft:iron_sword":1,"minecraft:glow_ink_sac":2,"minecraft:glass_bottle":1,"minecraft:cooked_porkchop":6,"minecraft:leather":2,"minecraft:spruce_stairs":1,"minecraft:oak_stairs":1,"biomesoplenty:toadstool":1,"minecraft:stone_axe":1,"minecraft:rotten_flesh":1,"minecraft:gunpowder":1,"minecraft:stone_pickaxe":1,"minecraft:wooden_pickaxe":1},"minecraft:custom":{"minecraft:mob_kills":70,"minecraft:interact_with_crafting_table":22,"minecraft:leave_game":2,"minecraft:time_since_death":88201,"minecraft:climb_one_cm":531,"minecraft:sprint_one_cm":259297,"minecraft:walk_one_cm":152518,"minecraft:damage_blocked_by_shield":490,"minecraft:drop":15,"minecraft:talked_to_villager":1,"minecraft:play_time":88201,"minecraft:sneak_time":3430,"minecraft:walk_under_water_one_cm":13733,"minecraft:boat_one_cm":143235,"minecraft:jump":2621,"minecraft:walk_on_water_one_cm":13944,"minecraft:total_world_time":88201,"minecraft:interact_with_furnace":36,"minecraft:time_since_rest":88201,"minecraft:damage_taken":1446,"minecraft:damage_dealt":10415,"minecraft:swim_one_cm":23169,"minecraft:fly_one_cm":593156,"minecraft:open_chest":26,"minecraft:crouch_one_cm":9533,"minecraft:interact_with_smoker":13,"minecraft:fall_one_cm":73947}},"DataVersion":3465}