{
  "minecraft:recipes/decorations/crafting_table": {
    "criteria": {
      "unlock_right_away": "2024-06-20 18:26:39 +0000"
    },
    "done": true
  },
  "minecraft:adventure/adventuring_time": {
    "criteria": {
      "minecraft:taiga": "2024-06-20 18:27:55 +0000",
      "minecraft:frozen_river": "2024-06-20 18:28:23 +0000",
      "minecraft:stony_shore": "2024-06-20 18:26:59 +0000",
      "minecraft:snowy_plains": "2024-06-20 19:04:40 +0000",
      "minecraft:snowy_taiga": "2024-06-20 19:03:39 +0000",
      "minecraft:grove": "2024-06-20 18:26:41 +0000",
      "minecraft:jagged_peaks": "2024-06-20 19:03:31 +0000",
      "minecraft:forest": "2024-06-20 19:05:29 +0000",
      "minecraft:frozen_ocean": "2024-06-20 19:03:15 +0000",
      "minecraft:snowy_beach": "2024-06-20 19:04:45 +0000"
    },
    "done": false
  },
  "DataVersion": 3465
}